<Ui xmlns:xsi="http://www.w3.org/2001/XMLSchema-instance" xmlns:xsd="http://www.w3.org/2001/XMLSchema" xsi:schemaLocation="http://www.blizzard.com/wow/ui/ http://wowprogramming.com/FrameXML/UI.xsd" xmlns="http://www.blizzard.com/wow/ui/">
	<Script file="Locale\ZL_frFR.lua" />
	<Script file="Locale\ZL_enUS.lua" />
	<Script file="Locale\ZL_esES.lua" />
	<Script file="Locale\ZL_deDE.lua" />
	<Script file="ConfigPanel_scripts.lua" />
	<Frame enableMouse="true" resizeable="false" hidden="true" name="ZL_ConfigPanel" parent="UIParent">
		<KeyValues>
			<KeyValue key="backdropInfo" value="BACKDROP_DIALOG_32_32" type="global"/>
			<KeyValue key="backdropBorderColorAlpha" value="1" type="number"/>
		</KeyValues>
		<Anchors>
			<Anchor point="CENTER" relativeTo="UIParent"/>
		</Anchors>
		<Backdrop tile="true">
			<BackgroundInsets>
				<AbsInset left="11" right="12" top="12" bottom="11" />
			</BackgroundInsets>
			<TileSize>
				<AbsValue val="32" />
			</TileSize>
			<EdgeSize>
				<AbsValue val="32" />
			</EdgeSize>
		</Backdrop>
		<Frames>
			<CheckButton name="check_greenloot" inherits="UICheckButtonTemplate">
				<Size>
					<AbsDimension x="32" y="32" />
				</Size>
				<Anchors>
					<Anchor point="TOPLEFT">
						<Offset x="33" y="-63" />
					</Anchor>
				</Anchors>
				<Scripts>
					<OnClick>check_loot_onclick(self, 2, 0);</OnClick>
					<OnLoad>
						self.title = ZL_GREENLOOT;
						self.tooltip = ZL_XML_TOOLTIP_GREEN_LOOT;
					</OnLoad>
					<OnEnter>
						GameTooltip:SetOwner(self, ZL_TOOLTIP_ANCHOR);
						GameTooltip:AddLine(self.title, 0.9215686275, 0.6823529412, 0.2039215686, 1, true);
						GameTooltip:AddLine(self.tooltip, 1, 1, 1, 1, true);
						GameTooltip:Show();
					</OnEnter>
					<OnLeave>
						GameTooltip:Hide();
					</OnLeave>
				</Scripts>
			</CheckButton>
			<CheckButton name="check_blueloot" inherits="UICheckButtonTemplate">
				<Size>
					<AbsDimension x="32" y="32" />
				</Size>
				<Anchors>
					<Anchor point="TOPLEFT">
						<Offset x="165" y="-63" />
					</Anchor>
				</Anchors>
				<Scripts>
					<OnClick>check_loot_onclick(self, 3, 0);</OnClick>
					<OnLoad>
						self.title = ZL_BLUELOOT;
						self.tooltip = ZL_XML_TOOLTIP_BLUE_LOOT;
					</OnLoad>
					<OnEnter>
						GameTooltip:SetOwner(self, ZL_TOOLTIP_ANCHOR);
						GameTooltip:AddLine(self.title, 0.9215686275, 0.6823529412, 0.2039215686, 1, true);
						GameTooltip:AddLine(self.tooltip, 1, 1, 1, 1, true);
						GameTooltip:Show();
					</OnEnter>
					<OnLeave>
						GameTooltip:Hide();
					</OnLeave>
				</Scripts>
			</CheckButton>
			<CheckButton name="check_purpleloot" inherits="UICheckButtonTemplate">
				<Size>
					<AbsDimension x="32" y="32" />
				</Size>
				<Anchors>
					<Anchor point="TOPLEFT">
						<Offset x="287" y="-63" />
					</Anchor>
				</Anchors>
				<Scripts>
					<OnClick>check_loot_onclick(self, 4, 0);</OnClick>
					<OnLoad>
						self.title = ZL_PURPLELOOT;
						self.tooltip = ZL_XML_TOOLTIP_PURPLE_LOOT;
					</OnLoad>
					<OnEnter>
						GameTooltip:SetOwner(self, ZL_TOOLTIP_ANCHOR);
						GameTooltip:AddLine(self.title, 0.9215686275, 0.6823529412, 0.2039215686, 1, true);
						GameTooltip:AddLine(self.tooltip, 1, 1, 1, 1, true);
						GameTooltip:Show();
					</OnEnter>
					<OnLeave>
						GameTooltip:Hide();
					</OnLeave>
				</Scripts>
			</CheckButton>
			<CheckButton name="check_orangeloot" inherits="UICheckButtonTemplate">
				<Size>
					<AbsDimension x="32" y="32" />
				</Size>
				<Anchors>
					<Anchor point="TOPLEFT">
						<Offset x="407" y="-64" />
					</Anchor>
				</Anchors>
				<Scripts>
					<OnClick>check_loot_onclick(self, 5, 0);</OnClick>
					<OnLoad>
						self.title = ZL_ORANGELOOT;
						self.tooltip = ZL_XML_TOOLTIP_ORANGE_LOOT;
					</OnLoad>
					<OnEnter>
						GameTooltip:SetOwner(self, ZL_TOOLTIP_ANCHOR);
						GameTooltip:AddLine(self.title, 0.9215686275, 0.6823529412, 0.2039215686, 1, true);
						GameTooltip:AddLine(self.tooltip, 1, 1, 1, 1, true);
						GameTooltip:Show();
					</OnEnter>
					<OnLeave>
						GameTooltip:Hide();
					</OnLeave>
				</Scripts>
			</CheckButton>
			<Button name="dropdown_greenloot_set" inherits="UIDropDownMenuTemplate">
				<Anchors>
					<Anchor point="TOPLEFT">
						<Offset x="16" y="-104" />
					</Anchor>
        </Anchors>
				<Scripts>
					<OnLoad>
						UIDropDownMenu_Initialize(self, dropdown_set_Initialize)
						self.title = ZL_XML_TITLE_GREEN_SET;
						self.tooltip = ZL_XML_TOOLTIP_GREEN_SET;
					</OnLoad>
					<OnShow>
						UIDropDownMenu_Initialize(self, dropdown_set_Show)
					</OnShow>
					<OnEnter>
						GameTooltip:SetOwner(self, ZL_TOOLTIP_ANCHOR);
						GameTooltip:AddLine(self.title, 0.9215686275, 0.6823529412, 0.2039215686, 1, true);
						GameTooltip:AddLine(self.tooltip, 1, 1, 1, 1, true);
						GameTooltip:Show();
					</OnEnter>
					<OnLeave>
						GameTooltip:Hide();
					</OnLeave>
				</Scripts>
			</Button>
			<Button name="dropdown_blueloot_set" inherits="UIDropDownMenuTemplate">
				<Anchors>
					<Anchor point="TOPLEFT">
						<Offset x="150" y="-104" />
					</Anchor>
        </Anchors>
				<Scripts>
					<OnLoad>
						UIDropDownMenu_Initialize(self, dropdown_set_Initialize)
						self.title = ZL_XML_TITLE_BLUE_SET;
						self.tooltip = ZL_XML_TOOLTIP_BLUE_SET;
					</OnLoad>
					<OnShow>
						UIDropDownMenu_Initialize(self, dropdown_set_Show)
					</OnShow>
					<OnEnter>
						GameTooltip:SetOwner(self, ZL_TOOLTIP_ANCHOR);
						GameTooltip:AddLine(self.title, 0.9215686275, 0.6823529412, 0.2039215686, 1, true);
						GameTooltip:AddLine(self.tooltip, 1, 1, 1, 1, true);
						GameTooltip:Show();
					</OnEnter>
					<OnLeave>
						GameTooltip:Hide();
					</OnLeave>
				</Scripts>
      </Button>
			<Button name="dropdown_purpleloot_set" inherits="UIDropDownMenuTemplate">
				<Anchors>
					<Anchor point="TOPLEFT">
						<Offset x="272" y="-104" />
					</Anchor>
        </Anchors>
				<Scripts>
					<OnLoad>
						UIDropDownMenu_Initialize(self, dropdown_set_Initialize)
						self.title = ZL_XML_TITLE_PURPLE_SET;
						self.tooltip = ZL_XML_TOOLTIP_PURPLE_SET;
					</OnLoad>
					<OnShow>
						UIDropDownMenu_Initialize(self, dropdown_set_Show)
					</OnShow>
					<OnEnter>
						GameTooltip:SetOwner(self, ZL_TOOLTIP_ANCHOR);
						GameTooltip:AddLine(self.title, 0.9215686275, 0.6823529412, 0.2039215686, 1, true);
						GameTooltip:AddLine(self.tooltip, 1, 1, 1, 1, true);
						GameTooltip:Show();
					</OnEnter>
					<OnLeave>
						GameTooltip:Hide();
					</OnLeave>
				</Scripts>
      </Button>
			<Button name="dropdown_orangeloot_set" inherits="UIDropDownMenuTemplate">
				<Anchors>
					<Anchor point="TOPLEFT">
						<Offset x="390" y="-104" />
					</Anchor>
        </Anchors>
				<Scripts>
					<OnLoad>
						UIDropDownMenu_Initialize(self, dropdown_set_Initialize)
						self.title = ZL_XML_TITLE_ORANGE_SET;
						self.tooltip = ZL_XML_TOOLTIP_ORANGE_SET;
					</OnLoad>
					<OnShow>
						UIDropDownMenu_Initialize(self, dropdown_set_Show)
					</OnShow>
					<OnEnter>
						GameTooltip:SetOwner(self, ZL_TOOLTIP_ANCHOR);
						GameTooltip:AddLine(self.title, 0.9215686275, 0.6823529412, 0.2039215686, 1, true);
						GameTooltip:AddLine(self.tooltip, 1, 1, 1, 1, true);
						GameTooltip:Show();
					</OnEnter>
					<OnLeave>
						GameTooltip:Hide();
					</OnLeave>
				</Scripts>
      </Button>
			<Button name="dropdown_greenloot_sound" inherits="UIDropDownMenuTemplate">
				<Anchors>
					<Anchor point="TOPLEFT">
						<Offset x="16" y="-134" />
					</Anchor>
        </Anchors>
				<Scripts>
					<OnLoad>
						UIDropDownMenu_Initialize(self, dropdown_sound_Initialize)
						self.title = ZL_XML_TITLE_GREEN_EFFECT;
						self.tooltip = ZL_XML_TOOLTIP_GREEN_EFFECT;
					</OnLoad>
					<OnShow>
						UIDropDownMenu_Initialize(self, dropdown_sound_Show)
					</OnShow>
					<OnEnter>
						GameTooltip:SetOwner(self, ZL_TOOLTIP_ANCHOR);
						GameTooltip:AddLine(self.title, 0.9215686275, 0.6823529412, 0.2039215686, 1, true);
						GameTooltip:AddLine(self.tooltip, 1, 1, 1, 1, true);
						GameTooltip:Show();
					</OnEnter>
					<OnLeave>
						GameTooltip:Hide();
					</OnLeave>
				</Scripts>
			</Button>
			<Button name="dropdown_blueloot_sound" inherits="UIDropDownMenuTemplate">
				<Anchors>
					<Anchor point="TOPLEFT">
						<Offset x="150" y="-134" />
					</Anchor>
        </Anchors>
				<Scripts>
					<OnLoad>
						UIDropDownMenu_Initialize(self, dropdown_sound_Initialize)
						self.title = ZL_XML_TITLE_BLUE_EFFECT;
						self.tooltip = ZL_XML_TOOLTIP_BLUE_EFFECT;
					</OnLoad>
					<OnShow>
						UIDropDownMenu_Initialize(self, dropdown_sound_Show)
					</OnShow>
					<OnEnter>
						GameTooltip:SetOwner(self, ZL_TOOLTIP_ANCHOR);
						GameTooltip:AddLine(self.title, 0.9215686275, 0.6823529412, 0.2039215686, 1, true);
						GameTooltip:AddLine(self.tooltip, 1, 1, 1, 1, true);
						GameTooltip:Show();
					</OnEnter>
					<OnLeave>
						GameTooltip:Hide();
					</OnLeave>
				</Scripts>
			</Button>
			<Button name="dropdown_purpleloot_sound" inherits="UIDropDownMenuTemplate">
				<Anchors>
					<Anchor point="TOPLEFT">
						<Offset x="272" y="-134" />
					</Anchor>
        </Anchors>
				<Scripts>
					<OnLoad>
						UIDropDownMenu_Initialize(self, dropdown_sound_Initialize)
						self.title = ZL_XML_TITLE_PURPLE_EFFECT;
						self.tooltip = ZL_XML_TOOLTIP_PURPLE_EFFECT;
					</OnLoad>
					<OnShow>
						UIDropDownMenu_Initialize(self, dropdown_sound_Show)
					</OnShow>
					<OnEnter>
						GameTooltip:SetOwner(self, ZL_TOOLTIP_ANCHOR);
						GameTooltip:AddLine(self.title, 0.9215686275, 0.6823529412, 0.2039215686, 1, true);
						GameTooltip:AddLine(self.tooltip, 1, 1, 1, 1, true);
						GameTooltip:Show();
					</OnEnter>
					<OnLeave>
						GameTooltip:Hide();
					</OnLeave>
				</Scripts>
			</Button>
			<Button name="dropdown_orangeloot_sound" inherits="UIDropDownMenuTemplate">
				<Anchors>
					<Anchor point="TOPLEFT">
						<Offset x="390" y="-134" />
					</Anchor>
        </Anchors>
				<Scripts>
					<OnLoad>
						UIDropDownMenu_Initialize(self, dropdown_sound_Initialize)
						self.title = ZL_XML_TITLE_ORANGE_EFFECT;
						self.tooltip = ZL_XML_TOOLTIP_ORANGE_EFFECT;
					</OnLoad>
					<OnShow>
						UIDropDownMenu_Initialize(self, dropdown_sound_Show)
					</OnShow>
					<OnEnter>
						GameTooltip:SetOwner(self, ZL_TOOLTIP_ANCHOR);
						GameTooltip:AddLine(self.title, 0.9215686275, 0.6823529412, 0.2039215686, 1, true);
						GameTooltip:AddLine(self.tooltip, 1, 1, 1, 1, true);
						GameTooltip:Show();
					</OnEnter>
					<OnLeave>
						GameTooltip:Hide();
					</OnLeave>
				</Scripts>
			</Button>
			<Button name="test_greensound" inherits="UIPanelButtonTemplate" text="ZL_TEST">
				<Size>
					<AbsDimension x="75" y="23" />
				</Size>
				<Anchors>
					<Anchor point="TOPLEFT">
						<Offset x="45" y="-172" />
					</Anchor>
				</Anchors>
				<Scripts>
					<OnClick>test_zl_sound(2);</OnClick>
					<OnLoad>
						self.title = ZL_XML_TITLE_GREEN_TEST;
						self.tooltip = ZL_XML_TOOLTIP_GREEN_TEST;
					</OnLoad>
					<OnEnter>
						GameTooltip:SetOwner(self, ZL_TOOLTIP_ANCHOR);
						GameTooltip:AddLine(self.title, 0.9215686275, 0.6823529412, 0.2039215686, 1, true);
						GameTooltip:AddLine(self.tooltip, 1, 1, 1, 1, true);
						GameTooltip:Show();
					</OnEnter>
					<OnLeave>
						GameTooltip:Hide();
					</OnLeave>
				</Scripts>
			</Button>
			<Button name="test_bluesound" inherits="UIPanelButtonTemplate" text="ZL_TEST">
				<Size>
					<AbsDimension x="75" y="23" />
				</Size>
				<Anchors>
					<Anchor point="TOPLEFT">
						<Offset x="175" y="-172" />
					</Anchor>
				</Anchors>
				<Scripts>
					<OnClick>test_zl_sound(3);</OnClick>
					<OnLoad>
						self.title = ZL_XML_TITLE_BLUE_TEST;
						self.tooltip = ZL_XML_TOOLTIP_BLUE_TEST;
					</OnLoad>
					<OnEnter>
						GameTooltip:SetOwner(self, ZL_TOOLTIP_ANCHOR);
						GameTooltip:AddLine(self.title, 0.9215686275, 0.6823529412, 0.2039215686, 1, true);
						GameTooltip:AddLine(self.tooltip, 1, 1, 1, 1, true);
						GameTooltip:Show();
					</OnEnter>
					<OnLeave>
						GameTooltip:Hide();
					</OnLeave>
				</Scripts>
			</Button>
			<Button name="test_epicsound" inherits="UIPanelButtonTemplate" text="ZL_TEST">
				<Size>
					<AbsDimension x="75" y="23" />
				</Size>
				<Anchors>
					<Anchor point="TOPLEFT">
						<Offset x="298" y="-172" />
					</Anchor>
				</Anchors>
				<Scripts>
					<OnClick>test_zl_sound(4);</OnClick>
					<OnLoad>
						self.title = ZL_XML_TITLE_PURPLE_TEST;
						self.tooltip = ZL_XML_TOOLTIP_PURPLE_TEST;
					</OnLoad>
					<OnEnter>
						GameTooltip:SetOwner(self, ZL_TOOLTIP_ANCHOR);
						GameTooltip:AddLine(self.title, 0.9215686275, 0.6823529412, 0.2039215686, 1, true);
						GameTooltip:AddLine(self.tooltip, 1, 1, 1, 1, true);
						GameTooltip:Show();
					</OnEnter>
					<OnLeave>
						GameTooltip:Hide();
					</OnLeave>
				</Scripts>
			</Button>
			<Button name="test_legendsound" inherits="UIPanelButtonTemplate" text="ZL_TEST">
				<Size>
					<AbsDimension x="75" y="23" />
				</Size>
				<Anchors>
					<Anchor point="TOPLEFT">
						<Offset x="420" y="-172" />
					</Anchor>
				</Anchors>
				<Scripts>
					<OnClick>test_zl_sound(5);</OnClick>
					<OnLoad>
						self.title = ZL_XML_TITLE_ORANGE_TEST;
						self.tooltip = ZL_XML_TOOLTIP_ORANGE_TEST;
					</OnLoad>
					<OnEnter>
						GameTooltip:SetOwner(self, ZL_TOOLTIP_ANCHOR);
						GameTooltip:AddLine(self.title, 0.9215686275, 0.6823529412, 0.2039215686, 1, true);
						GameTooltip:AddLine(self.tooltip, 1, 1, 1, 1, true);
						GameTooltip:Show();
					</OnEnter>
					<OnLeave>
						GameTooltip:Hide();
					</OnLeave>
				</Scripts>
			</Button>
			<CheckButton name="check_greencrafts" inherits="UICheckButtonTemplate">
				<Size>
					<AbsDimension x="20" y="20" />
				</Size>
				<Anchors>
					<Anchor point="TOPLEFT">
						<Offset x="45" y="-209" />
					</Anchor>
				</Anchors>
				<Scripts>
					<OnClick>check_loot_onclick(self, 2, 1);</OnClick>
					<OnLoad>
						self.title = ZL_XML_TITLE_GREEN_CRAFTED;
						self.tooltip = ZL_XML_TOOLTIP_GREEN_CRAFTED;
					</OnLoad>
					<OnEnter>
						GameTooltip:SetOwner(self, ZL_TOOLTIP_ANCHOR);
						GameTooltip:AddLine(self.title, 0.9215686275, 0.6823529412, 0.2039215686, 1, true);
						GameTooltip:AddLine(self.tooltip, 1, 1, 1, 1, true);
						GameTooltip:Show();
					</OnEnter>
					<OnLeave>
						GameTooltip:Hide();
					</OnLeave>
				</Scripts>
			</CheckButton>
			<CheckButton name="check_greenreceived" inherits="UICheckButtonTemplate" >
				<Size>
					<AbsDimension x="20" y="20" />
				</Size>
				<Anchors>
					<Anchor point="TOPLEFT">
						<Offset x="45" y="-235" />
					</Anchor>
				</Anchors>
				<Scripts>
					<OnClick>check_loot_onclick(self, 2, 2);</OnClick>
					<OnLoad>
						self.title = ZL_XML_TITLE_GREEN_RECEIVED;
						self.tooltip = ZL_XML_TOOLTIP_GREEN_RECEIVED;
					</OnLoad>
					<OnEnter>
						GameTooltip:SetOwner(self, ZL_TOOLTIP_ANCHOR);
						GameTooltip:AddLine(self.title, 0.9215686275, 0.6823529412, 0.2039215686, 1, true);
						GameTooltip:AddLine(self.tooltip, 1, 1, 1, 1, true);
						GameTooltip:Show();
					</OnEnter>
					<OnLeave>
						GameTooltip:Hide();
					</OnLeave>
				</Scripts>
			</CheckButton>
			<CheckButton name="check_bluecrafts" inherits="UICheckButtonTemplate">
				<Size>
					<AbsDimension x="20" y="20" />
				</Size>
				<Anchors>
					<Anchor point="TOPLEFT">
						<Offset x="177" y="-209" />
					</Anchor>
				</Anchors>
				<Scripts>
					<OnClick>check_loot_onclick(self, 3, 1);</OnClick>
					<OnLoad>
						self.title = ZL_XML_TITLE_BLUE_CRAFTED;
						self.tooltip = ZL_XML_TOOLTIP_BLUE_CRAFTED;
					</OnLoad>
					<OnEnter>
						GameTooltip:SetOwner(self, ZL_TOOLTIP_ANCHOR);
						GameTooltip:AddLine(self.title, 0.9215686275, 0.6823529412, 0.2039215686, 1, true);
						GameTooltip:AddLine(self.tooltip, 1, 1, 1, 1, true);
						GameTooltip:Show();
					</OnEnter>
					<OnLeave>
						GameTooltip:Hide();
					</OnLeave>
				</Scripts>
			</CheckButton>
			<CheckButton name="check_bluereceived" inherits="UICheckButtonTemplate">
				<Size>
					<AbsDimension x="20" y="20" />
				</Size>
				<Anchors>
					<Anchor point="TOPLEFT">
						<Offset x="177" y="-235" />
					</Anchor>
				</Anchors>
				<Scripts>
					<OnClick>check_loot_onclick(self, 3, 2);</OnClick>
					<OnLoad>
						self.title = ZL_XML_TITLE_BLUE_RECEIVED;
						self.tooltip = ZL_XML_TOOLTIP_BLUE_RECEIVED;
					</OnLoad>
					<OnEnter>
						GameTooltip:SetOwner(self, ZL_TOOLTIP_ANCHOR);
						GameTooltip:AddLine(self.title, 0.9215686275, 0.6823529412, 0.2039215686, 1, true);
						GameTooltip:AddLine(self.tooltip, 1, 1, 1, 1, true);
						GameTooltip:Show();
					</OnEnter>
					<OnLeave>
						GameTooltip:Hide();
					</OnLeave>
				</Scripts>
			</CheckButton>
			<CheckButton name="check_purplecrafts" inherits="UICheckButtonTemplate">
				<Size>
					<AbsDimension x="20" y="20" />
				</Size>
				<Anchors>
					<Anchor point="TOPLEFT">
						<Offset x="299" y="-209" />
					</Anchor>
				</Anchors>
				<Scripts>
					<OnClick>check_loot_onclick(self, 4, 1);</OnClick>
					<OnLoad>
						self.title = ZL_XML_TITLE_PURPLE_CRAFTED;
						self.tooltip = ZL_XML_TOOLTIP_PURPLE_CRAFTED;
					</OnLoad>
					<OnEnter>
						GameTooltip:SetOwner(self, ZL_TOOLTIP_ANCHOR);
						GameTooltip:AddLine(self.title, 0.9215686275, 0.6823529412, 0.2039215686, 1, true);
						GameTooltip:AddLine(self.tooltip, 1, 1, 1, 1, true);
						GameTooltip:Show();
					</OnEnter>
					<OnLeave>
						GameTooltip:Hide();
					</OnLeave>
				</Scripts>
			</CheckButton>
			<CheckButton name="check_purplereceived" inherits="UICheckButtonTemplate">
				<Size>
					<AbsDimension x="20" y="20" />
				</Size>
				<Anchors>
					<Anchor point="TOPLEFT">
						<Offset x="299" y="-235" />
					</Anchor>
				</Anchors>
				<Scripts>
					<OnClick>check_loot_onclick(self, 4, 2);</OnClick>
					<OnLoad>
						self.title = ZL_XML_TITLE_PURPLE_RECEIVED;
						self.tooltip = ZL_XML_TOOLTIP_PURPLE_RECEIVED;
					</OnLoad>
					<OnEnter>
						GameTooltip:SetOwner(self, ZL_TOOLTIP_ANCHOR);
						GameTooltip:AddLine(self.title, 0.9215686275, 0.6823529412, 0.2039215686, 1, true);
						GameTooltip:AddLine(self.tooltip, 1, 1, 1, 1, true);
						GameTooltip:Show();
					</OnEnter>
					<OnLeave>
						GameTooltip:Hide();
					</OnLeave>
				</Scripts>
			</CheckButton>
			<CheckButton name="check_orangecrafts" inherits="UICheckButtonTemplate">
				<Size>
					<AbsDimension x="20" y="20" />
				</Size>
				<Anchors>
					<Anchor point="TOPLEFT">
						<Offset x="419" y="-209" />
					</Anchor>
				</Anchors>
				<Scripts>
					<OnClick>check_loot_onclick(self, 5, 1);</OnClick>
					<OnLoad>
						self.title = ZL_XML_TITLE_ORANGE_CRAFTED;
						self.tooltip = ZL_XML_TOOLTIP_ORANGE_CRAFTED;
					</OnLoad>
					<OnEnter>
						GameTooltip:SetOwner(self, ZL_TOOLTIP_ANCHOR);
						GameTooltip:AddLine(self.title, 0.9215686275, 0.6823529412, 0.2039215686, 1, true);
						GameTooltip:AddLine(self.tooltip, 1, 1, 1, 1, true);
						GameTooltip:Show();
					</OnEnter>
					<OnLeave>
						GameTooltip:Hide();
					</OnLeave>
				</Scripts>
			</CheckButton>
			<CheckButton name="check_orangereceived" inherits="UICheckButtonTemplate">
				<Size>
					<AbsDimension x="20" y="20" />
				</Size>
				<Anchors>
					<Anchor point="TOPLEFT">
						<Offset x="419" y="-235" />
					</Anchor>
				</Anchors>
				<Scripts>
					<OnClick>check_loot_onclick(self, 5, 2);</OnClick>
					<OnLoad>
						self.title = ZL_XML_TITLE_ORANGE_RECEIVED;
						self.tooltip = ZL_XML_TOOLTIP_ORANGE_RECEIVED;
					</OnLoad>
					<OnEnter>
						GameTooltip:SetOwner(self, ZL_TOOLTIP_ANCHOR);
						GameTooltip:AddLine(self.title, 0.9215686275, 0.6823529412, 0.2039215686, 1, true);
						GameTooltip:AddLine(self.tooltip, 1, 1, 1, 1, true);
						GameTooltip:Show();
					</OnEnter>
					<OnLeave>
						GameTooltip:Hide();
					</OnLeave>
				</Scripts>
			</CheckButton>
			<CheckButton name="check_inheritedstuff" inherits="UICheckButtonTemplate">
				<Size>
					<AbsDimension x="20" y="20" />
				</Size>
				<Anchors>
					<Anchor point="TOPLEFT">
						<Offset x="419" y="-306" />
					</Anchor>
				</Anchors>
				<Scripts>
					<OnClick>check_inheritedstuff_onclick(self);</OnClick>
					<OnLoad>
						self.title = ZL_INHERITED;
						self.tooltip = ZL_XML_TOOLTIP_INHERITED;
					</OnLoad>
					<OnEnter>
						GameTooltip:SetOwner(self, ZL_TOOLTIP_ANCHOR);
						GameTooltip:AddLine(self.title, 0.9215686275, 0.6823529412, 0.2039215686, 1, true);
						GameTooltip:AddLine(self.tooltip, 1, 1, 1, 1, true);
						GameTooltip:Show();
					</OnEnter>
					<OnLeave>
						GameTooltip:Hide();
					</OnLeave>
				</Scripts>
			</CheckButton>
			<Button name="dropdown_setting_ext" inherits="UIDropDownMenuTemplate">
				<Anchors>
					<Anchor point="TOPLEFT">
						<Offset x="16" y="-390" />
					</Anchor>
        </Anchors>
				<Scripts>
					<OnLoad>
						UIDropDownMenu_Initialize(self, dropdown_settings_Initialize)
						self.title = ZL_FILE_TYPE;
						self.tooltip = ZL_XML_TOOLTIP_FILE_TYPE;
					</OnLoad>
					<OnShow>
						UIDropDownMenu_Initialize(self, dropdown_settings_Show)
					</OnShow>
					<OnEnter>
						GameTooltip:SetOwner(self, ZL_TOOLTIP_ANCHOR);
						GameTooltip:AddLine(self.title, 0.9215686275, 0.6823529412, 0.2039215686, 1, true);
						GameTooltip:AddLine(self.tooltip, 1, 1, 1, 1, true);
						GameTooltip:Show();
					</OnEnter>
					<OnLeave>
						GameTooltip:Hide();
					</OnLeave>
				</Scripts>
			</Button>
			<Button name="dropdown_setting_channel" inherits="UIDropDownMenuTemplate">
				<Anchors>
					<Anchor point="TOPLEFT">
						<Offset x="150" y="-390" />
					</Anchor>
        </Anchors>
				<Scripts>
					<OnLoad>
						UIDropDownMenu_Initialize(self, dropdown_settings_Initialize)
						self.title = ZL_FILE_CHANNEL;
						self.tooltip = ZL_XML_TOOLTIP_FILE_CHANNEL;
					</OnLoad>
					<OnShow>
						UIDropDownMenu_Initialize(self, dropdown_settings_Show)
					</OnShow>
					<OnEnter>
						GameTooltip:SetOwner(self, ZL_TOOLTIP_ANCHOR);
						GameTooltip:AddLine(self.title, 0.9215686275, 0.6823529412, 0.2039215686, 1, true);
						GameTooltip:AddLine(self.tooltip, 1, 1, 1, 1, true);
						GameTooltip:Show();
					</OnEnter>
					<OnLeave>
						GameTooltip:Hide();
					</OnLeave>
				</Scripts>
			</Button>
			<CheckButton name="check_warnings" inherits="UICheckButtonTemplate">
				<Size>
					<AbsDimension x="20" y="20" />
				</Size>
				<Anchors>
					<Anchor point="TOPLEFT">
						<Offset x="45" y="-440" />
					</Anchor>
				</Anchors>
				<Scripts>
					<OnClick>toggle_warnings(self);</OnClick>
					<OnLoad>
						self.title = ZL_WARN;
						self.tooltip = ZL_XML_TOOLTIP_WARN;
					</OnLoad>
					<OnEnter>
						GameTooltip:SetOwner(self, ZL_TOOLTIP_ANCHOR);
						GameTooltip:AddLine(self.title, 0.9215686275, 0.6823529412, 0.2039215686, 1, true);
						GameTooltip:AddLine(self.tooltip, 1, 1, 1, 1, true);
						GameTooltip:Show();
					</OnEnter>
					<OnLeave>
						GameTooltip:Hide();
					</OnLeave>
				</Scripts>
			</CheckButton>
			<CheckButton name="check_debug" inherits="UICheckButtonTemplate">
				<Size>
					<AbsDimension x="20" y="20" />
				</Size>
				<Anchors>
					<Anchor point="TOPLEFT">
						<Offset x="45" y="-466" />
					</Anchor>
				</Anchors>
				<Scripts>
					<OnClick>toggle_debug(self);</OnClick>
					<OnLoad>
						self.title = ZL_DEBUG;
						self.tooltip = ZL_XML_TOOLTIP_DEBUG;
					</OnLoad>
					<OnEnter>
						GameTooltip:SetOwner(self, ZL_TOOLTIP_ANCHOR);
						GameTooltip:AddLine(self.title, 0.9215686275, 0.6823529412, 0.2039215686, 1, true);
						GameTooltip:AddLine(self.tooltip, 1, 1, 1, 1, true);
						GameTooltip:Show();
					</OnEnter>
					<OnLeave>
						GameTooltip:Hide();
					</OnLeave>
				</Scripts>
			</CheckButton>
		</Frames>
		<Layers>
			<Layer level="OVERLAY">
				<FontString name="FontString1" inherits="GameFontNormal" text="ZL_CONFIG_TITLE">
					<Size>
						<AbsDimension x="506" y="20" />
					</Size>
					<Anchors>
						<Anchor point="TOPLEFT">
							<Offset x="33" y="-20" />
						</Anchor>
					</Anchors>
					<FontHeight>
						<AbsValue val="15" />
					</FontHeight>
				</FontString>
				<FontString name="FontString2" inherits="GameFontNormal" text="ZL_GREENLOOT" justifyH="LEFT">
					<Size>
						<AbsDimension x="88" y="33" />
					</Size>
					<Anchors>
						<Anchor point="TOPLEFT">
							<Offset x="71" y="-63" />
						</Anchor>
					</Anchors>
				</FontString>
				<FontString name="FontString3" inherits="GameFontNormal" text="ZL_BLUELOOT" justifyH="LEFT">
					<Size>
						<AbsDimension x="82" y="33" />
					</Size>
					<Anchors>
						<Anchor point="TOPLEFT">
							<Offset x="203" y="-63" />
						</Anchor>
					</Anchors>
				</FontString>
				<FontString name="FontString4" inherits="GameFontNormal" text="ZL_PURPLELOOT" justifyH="LEFT">
					<Size>
						<AbsDimension x="80" y="33" />
					</Size>
					<Anchors>
						<Anchor point="TOPLEFT">
							<Offset x="325" y="-63" />
						</Anchor>
					</Anchors>
				</FontString>
				<FontString name="FontString5" inherits="GameFontNormal" text="ZL_ORANGELOOT" justifyH="LEFT">
					<Size>
						<AbsDimension x="109" y="33" />
					</Size>
					<Anchors>
						<Anchor point="TOPLEFT">
							<Offset x="445" y="-63" />
						</Anchor>
					</Anchors>
				</FontString>
				<FontString name="FontString6" inherits="GameFontNormal" text="ZL_CRAFTS" justifyH="LEFT">
					<Size>
						<AbsDimension x="88" y="20" />
					</Size>
					<Anchors>
						<Anchor point="TOPLEFT">
							<Offset x="325" y="-209" />
						</Anchor>
					</Anchors>
				</FontString>
				<FontString name="FontString7" inherits="GameFontNormal" text="ZL_RECEIVED" justifyH="LEFT">
					<Size>
						<AbsDimension x="95" y="20" />
					</Size>
					<Anchors>
						<Anchor point="TOPLEFT">
							<Offset x="325" y="-235" />
						</Anchor>
					</Anchors>
				</FontString>
				<FontString name="FontString8" inherits="GameFontNormal" text="ZL_CRAFTS" justifyH="LEFT">
					<Size>
						<AbsDimension x="80" y="20" />
					</Size>
					<Anchors>
						<Anchor point="TOPLEFT">
							<Offset x="445" y="-209" />
						</Anchor>
					</Anchors>
				</FontString>
				<FontString name="FontString9" inherits="GameFontNormal" text="ZL_RECEIVED" justifyH="LEFT">
					<Size>
						<AbsDimension x="94" y="20" />
					</Size>
					<Anchors>
						<Anchor point="TOPLEFT">
							<Offset x="445" y="-235" />
						</Anchor>
					</Anchors>
				</FontString>
				<FontString name="FontString10" inherits="GameFontNormal" text="ZL_CRAFTS" justifyH="LEFT">
					<Size>
						<AbsDimension x="80" y="20" />
					</Size>
					<Anchors>
						<Anchor point="TOPLEFT">
							<Offset x="71" y="-209" />
						</Anchor>
					</Anchors>
				</FontString>
				<FontString name="FontString11" inherits="GameFontNormal" text="ZL_RECEIVED" justifyH="LEFT">
					<Size>
						<AbsDimension x="91" y="20" />
					</Size>
					<Anchors>
						<Anchor point="TOPLEFT">
							<Offset x="71" y="-235" />
						</Anchor>
					</Anchors>
				</FontString>
				<FontString name="FontString12" inherits="GameFontNormal" text="ZL_CRAFTS" justifyH="LEFT">
					<Size>
						<AbsDimension x="90" y="20" />
					</Size>
					<Anchors>
						<Anchor point="TOPLEFT">
							<Offset x="203" y="-209" />
						</Anchor>
					</Anchors>
				</FontString>
				<FontString name="FontString13" inherits="GameFontNormal" text="ZL_RECEIVED" justifyH="LEFT">
					<Size>
						<AbsDimension x="90" y="20" />
					</Size>
					<Anchors>
						<Anchor point="TOPLEFT">
							<Offset x="203" y="-235" />
						</Anchor>
					</Anchors>
				</FontString>
				<FontString name="FontString14" inherits="GameFontNormal" text="ZL_INCLUDEALSO" justifyV="BOTTOM" justifyH="LEFT">
					<Size>
						<AbsDimension x="147" y="39" />
					</Size>
					<Anchors>
						<Anchor point="TOPLEFT">
							<Offset x="407" y="-261" />
						</Anchor>
					</Anchors>
				</FontString>
				<FontString name="FontString15" inherits="GameFontNormal" text="ZL_INHERITED" justifyH="LEFT">
					<Size>
						<AbsDimension x="109" y="20" />
					</Size>
					<Anchors>
						<Anchor point="TOPLEFT">
							<Offset x="445" y="-306" />
						</Anchor>
					</Anchors>
				</FontString>
				<FontString name="FontString16" inherits="GameFontNormal" text="ZL_USE_SOUND_SET" justifyH="LEFT">
					<Size>
						<AbsDimension x="316" y="16" />
					</Size>
					<Anchors>
						<Anchor point="TOPLEFT">
							<Offset x="45" y="-280" />
						</Anchor>
					</Anchors>
				</FontString>
				<FontString name="FontString17" inherits="GameFontNormal" text="ZL_SET_ALTTP" justifyH="LEFT">
					<Size>
						<AbsDimension x="292" y="16" />
					</Size>
					<Anchors>
						<Anchor point="TOPLEFT">
							<Offset x="45" y="-296" />
						</Anchor>
					</Anchors>
				</FontString>
				<FontString name="FontString18" inherits="GameFontNormal" text="ZL_SET_OOT" justifyH="LEFT">
					<Size>
						<AbsDimension x="292" y="16" />
					</Size>
					<Anchors>
						<Anchor point="TOPLEFT">
							<Offset x="45" y="-312" />
						</Anchor>
					</Anchors>
				</FontString>
				<FontString name="FontString19" inherits="GameFontNormal" text="ZL_SET_TP" justifyH="LEFT">
					<Size>
						<AbsDimension x="292" y="16" />
					</Size>
					<Anchors>
						<Anchor point="TOPLEFT">
							<Offset x="45" y="-328" />
						</Anchor>
					</Anchors>
				</FontString>
				<FontString name="FontString20" inherits="GameFontNormal" text="ZL_FILE_TYPE" justifyH="LEFT">
					<Size>
						<AbsDimension x="88" y="33" />
					</Size>
					<Anchors>
						<Anchor point="TOPLEFT">
							<Offset x="36" y="-360" />
						</Anchor>
					</Anchors>
				</FontString>
				<FontString name="FontString21" inherits="GameFontNormal" text="ZL_FILE_CHANNEL" justifyH="LEFT">
					<Size>
						<AbsDimension x="88" y="33" />
					</Size>
					<Anchors>
						<Anchor point="TOPLEFT">
							<Offset x="170" y="-360" />
						</Anchor>
					</Anchors>
				</FontString>
				<FontString name="FontString22" inherits="GameFontNormal" text="ZL_WARN" justifyH="LEFT">
					<Size>
						<AbsDimension x="120" y="20" />
					</Size>
					<Anchors>
						<Anchor point="TOPLEFT">
							<Offset x="71" y="-440" />
						</Anchor>
					</Anchors>
				</FontString>
				<FontString name="FontString23" inherits="GameFontNormal" text="ZL_DEBUG" justifyH="LEFT">
					<Size>
						<AbsDimension x="120" y="20" />
					</Size>
					<Anchors>
						<Anchor point="TOPLEFT">
							<Offset x="71" y="-466" />
						</Anchor>
					</Anchors>
				</FontString>
			</Layer>
		</Layers>
	</Frame>
</Ui>